t_s,t_hr_after_36h,equilibrium_active,separation_earth_mars_m,q_osc_earth_mars_m,e_osc_earth_mars,separation_mars_secondary_m,q_osc_mars_secondary_m,e_osc_mars_secondary,separation_earth_secondary_m,q_osc_earth_secondary_m,e_osc_earth_secondary
0.0,0.0,,160981249.22268078,8442662.07687382,0.9005626589582881,21170016.28553825,8440940.858503347,0.45388749092049135,164925058.1763423,45354012.30637596,0.6352692921062016
300.0,0.08333333333333333,,160948131.68239307,8410935.306431176,0.9009172774969082,21077831.5208037,8447677.749131368,0.453674358923209,165145735.33895278,47891234.898618005,0.6196799269306086
600.0,0.16666666666666666,,160913675.93745637,8379059.829458471,0.9012736106357501,20982275.245629713,8454787.247491514,0.45344788295370336,165363647.25132188,50550819.37646332,0.6037604839609299
900.0,0.25,,160877885.13188684,8347030.971969358,0.9016317068133757,20883345.588574715,8462256.877839634,0.45320868111103846,165578713.66742882,53339161.05742299,0.5875222069619387
1200.0,0.3333333333333333,,160840762.50802115,8314844.107974426,0.901991613824221,20781040.962360453,8470073.738981979,0.4529573872741819,165790851.88885438,56262912.01372587,0.5709799624628986
1500.0,0.4166666666666667,,160802311.41444793,8282494.673407937,0.9023533786475723,20675360.099999826,8478224.505449057,0.4526946502618424,165999976.58012542,59328929.978157565,0.5541530884279066
1800.0,0.5,,160762535.31439233,8249978.181908584,0.9027170472546223,20566302.094682477,8486695.429035874,0.452421132928841,166205999.5737856,62544199.044536345,0.537066448685343
2100.0,0.5833333333333334,,160721437.7945874,8217290.242689018,0.9030826643908457,20453866.44378691,8495472.340789424,0.45213751119334916,166408829.66436797,65915711.69166603,0.519751745908076
2400.0,0.6666666666666666,,160679022.57466853,8184426.580757767,0.903450273330591,20338053.097427554,8504540.6535271,0.4518444729891281,166608372.39037728,69450298.14754383,0.5022491587901907
2700.0,0.75,,160635293.51713124,8151383.059791424,0.9038199156003962,20218862.511989307,8513885.364975207,0.451542717136585,166804529.8033253,73154384.60543711,0.4846093836906456
3000.0,0.8333333333333334,,160590254.63789296,8118155.707991813,0.9041916306670874,20096295.709152833,8523491.061624063,0.45123295212605563,166997200.22278902,77033656.21046714,0.4668961761756085
3300.0,0.9166666666666666,,160543910.11750638,8084740.7473067865,0.9045654555862255,19970354.340967428,8533341.923397401,0.45091589480664435,167186277.97638088,81092594.16685864,0.4491895005578194
3600.0,1.0,,160496264.31307003,8051134.6264410345,0.9049414246058894,19841040.76159194,8543421.729245508,0.45059226897335514,167371653.1234365,85333849.3659724,0.43158939931419493
3900.0,1.0833333333333333,,160447321.77089077,8017334.058139615,0.9053195687201415,19708358.10639145,8553713.863772374,0.45026280384521766,167553211.16113386,89757409.1878716,0.41422067685635583
4200.0,1.1666666666666667,,160397087.23995203,7983336.061289104,0.9056999151657844,19572310.37915549,8564201.325017612,0.4499282324266249,167730832.711659,94359513.0273543,0.39723843150010885
4500.0,1.25,,160345565.68624848,7949138.008453255,0.9060824868551821,19432902.548289213,8574866.733519059,0.44958928974390056,167904393.18892977,99131282.25625153,0.38083432916903137
4800.0,1.3333333333333333,,160292762.3080507,7914737.679541164,0.9064673017369688,19290140.65292448,8585692.342788745,0.4492467109488669,168073762.44327405,104057063.13464777,0.3652432382443476
5100.0,1.4166666666666667,,160238682.55216745,7880133.3223983925,0.9068543720753929,19144031.920006312,8596660.051343966,0.44890122928087656,168238804.38234404,109112553.60737275,0.35074937061821415
5400.0,1.5,,160183332.13127932,7845323.72121702,0.9072437036378085,18994584.893529665,8607751.41644263,0.44855357387857775,168399376.56641874,114262916.75875208,0.337690350735109
5700.0,1.5833333333333333,,160126717.04241958,7810308.273780063,0.9076352947784376,18841809.57723557,8618947.669678437,0.44820446743259423,168555329.77611482,119461285.24987294,0.32645671152317046
6000.0,1.6666666666666667,,160068843.5866858,7775087.078692235,0.908029135404931,18685717.592226904,8630229.734603256,0.4478546236700473,168706507.55038908,124648304.1972721,0.31748348824041395
6300.0,1.75,,160009718.3902679,7739661.033903782,0.9084252058124502,18526322.35113144,8641578.246550273,0.44750474466190515,168852745.6925693,129753534.9509439,0.31123054592321936
6600.0,1.8333333333333333,,159949348.42688462,7704031.948011048,0.9088234753679413,18363639.250627913,8652973.574841753,0.4471555179441546,168993871.74200478,134699437.12019557,0.30815006588074334
6900.0,1.9166666666666667,,159887741.04172534,7668202.666017666,0.909223901024926,18197685.88436058,8664395.84757365,0.4468076134439653,169129704.4087767,139408033.9040577,0.3086439161888006
7200.0,2.0,,159824903.97699612,7632177.211468558,0.9096264256464912,18028482.27850299,8675824.979180465,0.4464616802022555,169260052.96876147,143809257.77130803,0.31301945821597665
7500.0,2.0833333333333335,,159760845.3991755,7595960.947127943,0.9100309761111371,17856051.152492616,8687240.700991992,0.44611834288458185,169384716.61619544,147848873.91393623,0.3214563250989462
7800.0,2.1666666666666665,,159695573.9280867,7559560.756666842,0.9104374611727266,17680418.207749628,8698622.595002495,0.4457781980729883,169503483.77075446,151493613.34811625,0.33399496360009673
8100.0,2.25,,159629098.66789535,7522985.250158229,0.9108457690419163,17501612.447518267,8709950.131084206,0.4454418103323213,169616131.33604428,154732132.20973668,0.35054986155919715
8400.0,2.3333333333333335,,159561429.24014205,7486244.99655523,0.9112557646520675,17319666.531329177,8721202.707884165,0.4451097080458592,169722423.9063015,157572093.70959234,0.3709410411076006
8700.0,2.4166666666666665,,159492575.8189175,7449352.786752937,0.9116672865677113,17134617.16798075,8732359.69765218,0.44478237901678347,169822112.91804743,160034954.2130358,0.3949323838618619
9000.0,2.5,,159422549.16828477,7412323.931313382,0.9120801434880892,16946505.55137877,8743400.495254526,0.44446026583420833,169914935.74342418,162150296.54532441,0.42226649485857176
9300.0,2.5833333333333335,,159351360.68204185,7375176.597469936,0.91249411029209,16755377.844059879,8754304.571633894,0.44414376100526487,170000614.72199973,163951005.1402935,0.4526904901284526
9600.0,2.6666666666666665,,159279022.42591023,7337932.190627475,0.9129089235639702,16561285.713756438,8765051.531979334,0.44383320185830333,170078856.1279731,165469812.09717038,0.4859717151847308
9900.0,2.75,,159205547.1822125,7300615.786240432,0.9133242765315769,16364286.928940946,8775621.17887044,0.44352886522671436,170149349.06997344,166737179.90018988,0.5219051224194342
10200.0,2.8333333333333335,,159130948.49707794,7263256.618685505,0.9137398133403428,16164446.019914664,8785993.580655528,0.4432309619284869,170211764.32106146,167780224.41448763,0.5603148748381065
10500.0,2.9166666666666665,,159055240.7301809,7225888.634548763,0.9141551225771221,15961835.012678582,8796149.145316433,0.4429396310634582,170265753.07715774,168622336.66301414,0.6010524871626766
10800.0,3.0,,158978439.10696623,7188551.118613927,0.9145697299480362,15756534.243536724,8806068.700057209,0.4426549341587619,170310945.64298978,169283219.68939486,0.6439931779642463
11100.0,3.0833333333333335,,158900559.77325666,7151289.401761718,0.9149830900040116,15548633.263122449,8815733.576826869,0.44237684920355336,170346950.0458409,169779140.35179383,0.6890314829240578
11400.0,3.1666666666666665,,158821619.8520535,7114155.660951169,0.9153945767968503,15338231.83929801,8825125.703956919,0.4421052646267551,170373350.57899123,170123269.41419214,0.7360767090540534
11700.0,3.25,,158741637.50223917,7077209.8224258665,0.9158034733378155,15125441.069123736,8834227.704040127,0.441839973287374,170389706.27885708,170326036.78087506,0.7850485010513718
12000.0,3.3333333333333335,,158660631.97875583,7040520.580228267,0.9162089597203905,14910384.610801365,8843022.99811251,0.44158066656581685,170395549.34260443,170395463.5951381,0.835872606830375
12300.0,3.4166666666666665,,158578623.69366515,7004166.542948364,0.9166100997598456,14693200.0471144,8851495.916113192,0.4413269286674892,170390383.4965831,170337453.97007588,0.8884768280671492
12600.0,3.5,,158495634.2772831,6968237.522289235,0.9170058259956809,14474040.392351542,8859631.813480347,0.44107823127745416,170373682.33049598,170156040.99225825,0.942787090859338
12900.0,3.5833333333333335,,158411686.63831863,6932835.9773688875,0.9173949229004864,14253075.754919173,8867417.193593645,0.44083392873765365,170344887.6180085,169853587.8563233,0.9987235496882944
13200.0,3.6666666666666665,,158326805.02161837,6898078.628516809,0.9177760081424574,14030495.167705914,8874839.835584857,0.440593253956944,170303407.65178302,169430947.9141692,1.056196631654957
13500.0,3.75,,158241015.0617146,6864098.253417314,0.9181475117617321,13806508.597599866,8881888.926805792,0.44035531530970506,170248615.63000908,168887588.53932115,1.115102930175262
13800.0,3.8333333333333335,,158154343.8298847,6831045.6764713535,0.9185076531468673,13581349.14416698,8888555.198946824,0.4401190948316972,170179848.14273706,168221683.90328854,1.1753208644301008
14100.0,3.9166666666666665,,158066819.87183395,6799091.958755173,0.9188544157423915,13355275.43512057,8894831.06644836,0.4398834480824979,170096403.8201136,167430181.5504216,1.236706031674967
14400.0,4.0,,157978473.2324012,6768430.790379844,0.9191855194883676,13128574.222500317,8900710.765411437,0.43964710611246516,169997542.22136533,166508847.33094636,1.299086194338033
14700.0,4.083333333333333,,157889335.46284425,6739281.078671326,0.919498391096926,12901563.1780297,8906190.490709707,0.43940868004800915,169882483.0635146,165452292.96937007,1.3622558640357878
15000.0,4.166666666666667,,157799439.6052735,6711889.713483804,0.9197901324197484,12674593.878408397,8911268.52840437,0.4391666688907318,169750405.9127007,164253990.39659527,1.4259704723986983
15300.0,4.25,,157708820.14767256,6686534.474013999,0.9200574873676891,12448054.960718196,8915945.37988013,0.4389194712106177,169600450.48889914,162906277.01015347,1.4899401568211208
15600.0,4.333333333333333,,157617512.9416702,6663527.018383382,0.9202968081246987,12222375.413976735,8920223.873368865,0.43866540149632827,169431717.76684663,161400356.27988935,1.5538232414512194
15900.0,4.416666666666667,,157525555.07383594,6643215.866509479,0.9205040217703606,11998027.95436377,8924109.257701738,0.438402711998977,169243272.09179342,159726298.6079484,1.6172195639234057
16200.0,4.5,,157432984.6798161,6625989.246827101,0.9206745989067239,11775532.407978004,8927609.27230115,0.43812962095867064,169034144.56749955,157873048.09666753,1.6796638907129455
16500.0,4.583333333333333,,157339840.68917474,6612277.626770715,0.9208035264922723,11555458.995382193,8930734.186627293,0.43784434811993866,168803338.01401046,155828441.88182762,1.7406197824202578
16800.0,4.666666666666667,,157246162.4875112,6602555.6845284505,0.9208852878296839,11338431.37609785,8933496.801634649,0.43754515840201386,168549833.83141813,153579249.94351593,1.7994744173566033
17100.0,4.75,,157151989.48146653,6597343.405270015,0.9209138535338733,11125129.268446857,8935912.405392833,0.4372304144657218,168272601.13872045,151111244.7815027,1.855535057349629
17400.0,4.833333333333333,,157057360.55189872,6597205.900332531,0.9208826883009839,10916290.411253566,8937998.675067645,0.4368986386781124,167970608.57780033,148409311.97097832,1.9080280387036108
17700.0,4.916666666666667,,156962313.38114816,6602751.456882575,0.9207847793528565,10712711.580551159,8939775.518134397,0.43654858458065376,167642839.17291644,145457614.28424203,1.9561013810477108
18000.0,5.0,,156866883.64240047,6614627.236482653,0.9206126934415543,10515248.319850799,8941264.847272085,0.43617931737872445,167288308.6049515,142239823.60089684,1.9988323036828388
18300.0,5.083333333333333,,156771104.04319593,6633511.967287452,0.9203586700959748,10324812.992119001,8942490.286099125,0.4357903021545296,166906087.18373913,138739435.99321386,2.035241084935883
18600.0,5.166666666666667,,156675003.22169507,6660104.936483414,0.9200147591285202,10142370.723414715,8943476.8069838,0.435381497443641,166495325.66646424,134940185.86551437,2.0643127403095862
18900.0,5.25,,156578604.5038885,6695110.614549775,0.9195730099602848,9968932.793080105,8944250.307692835,0.43495345051599776,166055284.86121622,130826574.52015172,2.0850278593516705
19200.0,5.333333333333333,,156481924.54282266,6739218.364754974,0.9190257186642323,9805547.047033044,8944837.140538406,0.434507389221991,165585368.661667,126384526.73046431,2.0964035488666486
19500.0,5.416666666666667,,156384971.87703073,6793076.946419828,0.9183657353423073,9653284.984186692,8945263.61553493,0.43404530372443956,165085159.7790307,121602185.68201399,2.097544705513535
19800.0,5.5,,156287745.464001,6857263.940340646,0.9175868291946022,9513225.305717785,8945555.507056808,0.4335700100391546,164554456.9821313,116470852.14235957,2.0877047365383508
20100.0,5.583333333333333,,156190233.26417804,6932250.823834541,0.9166841012815476,9386433.93285908,8945737.600317722,0.43308518633448295,163993312.15628952,110986068.49831879,2.0663533767135984
20400.0,5.666666666666667,,156092410.96920288,7018365.182941569,0.9156544258124982,9273940.79196158,8945833.317984302,0.43259537273853743,163402065.00126395,105148843.37058587,2.0332475205449994
20700.0,5.75,,155994240.98152813,7115752.403589841,0.914496890703396,9176714.022274407,8945864.466548136,0.4321059263268604,162781372.78581196,98967009.12466013,1.988499226030421
21000.0,5.833333333333333,,155895671.75733984,7224340.006820001,0.9132131987173902,9095632.650388734,8945851.135109946,0.43162292528890883,162132232.35650212,92456703.53949754,1.9326335813213587
21300.0,5.916666666666667,,155796637.61724997,7343808.40692806,0.9118079839268897,9031459.144791761,8945811.765214493,0.43115302008864165,161455991.657265,85643967.12504037,1.8666283387194909
21600.0,6.0,,155697059.10705638,7473572.07123707,0.9102889969430273,8984813.549500808,8945763.389945094,0.43070323453612896,160754348.4272786,78566443.96541531,1.7919274294218441
21900.0,6.083333333333333,,155596843.95385125,7612774.667608305,0.9086671183640825,8956151.029410837,8945722.016041694,0.43028072551627244,160029334.532061,71275154.3972077,1.7104217954385184
22200.0,6.166666666666667,,155495888.6137719,7760300.714215283,0.9069561739989035,8945744.5873711,8945703.098396707,0.42989251580311305,159283285.49851522,63836250.79634645,1.6243932303730755
22500.0,6.25,,155394080.35106456,7914804.644142734,0.9051725456593179,8953674.407074658,8945722.036882658,0.42954500297236353,158518796.18509442,56332541.29438805,1.5364194884481992
22800.0,6.333333333333333,,155291299.74495363,8074755.539315692,0.9033346025392134,8979824.775769828,8945794.61587501,0.42924456114871223,157738664.60599414,48864361.81994349,1.4492428690220711
23100.0,6.416666666666667,,155187423.4558633,8238495.49236255,0.9014619838124942,9023888.876190677,8945937.309563605,0.42899601767992174,156945827.65139195,41549027.87497856,1.365603567344666
23400.0,6.5,,155082327.08776894,8404304.940853199,0.8995748125435311,9085381.013492065,8946167.39255318,0.4288033406961817,156143292.44817972,34517863.92784668,1.288048904001536
23700.0,6.583333333333333,,154975887.96178502,8570470.367958056,0.8976928988242204,9163655.241279945,8946502.820881747,0.428669310669212,155334067.84702587,27909689.677266415,1.218729595922405
24000.0,6.666666666666667,,154867987.64115354,8735348.012985643,0.8958350062058513,9257928.845750552,8946961.8801048,0.4285954766277745,154521100.08796751,21860232.27778089,1.1592081134790782
24300.0,6.75,,154758514.0832382,8897418.70841026,0.8940182367961002,9367308.888042139,8947562.627393903,0.4285821791626699,153707215.9846918,16488312.688074969,1.1103141446901312
24600.0,6.833333333333333,,154647363.338954,9055330.380863443,0.8922575719694129,9490819.970541315,8948322.178910313,0.4286286322586401,152895075.9755097,11881548.637737878,1.0720865026568058
24900.0,6.916666666666667,,154534440.76693556,9207926.529975055,0.8905655839055453,9627431.55866586,8949255.908515176,0.4287330517123037,152087138.28793278,8085599.647846925,1.0438277055214529
25200.0,7.0,,154419661.7718181,9354260.700294329,0.8889523131277266,9776083.497530127,8950376.628160138,0.42889281568974635,151285634.42580092,5100420.778841122,1.0242659019719669
25500.0,7.083333333333333,,154302952.10882708,9493598.326976791,0.8874252917838445,9935708.74395318,8951693.815191675,0.42910464274537513,150492555.33344117,2884501.7653449094,1.011783418313952
25800.0,7.166666666666667,,154184247.81853977,9625408.230779942,0.8859896829352122,10105252.724651571,8953212.939853543,0.42936477396342376,149709646.9833513,1365115.745938406,1.0046531718250291
26100.0,7.25,,154063494.86644018,9749346.449462885,0.8846485024673617,10283689.082792688,8954934.930594122,0.4296691482485433,148938413.78201944,450975.75880450837,1.0012326733126637
26400.0,7.333333333333333,,153940648.56347692,9865235.096532237,0.8834028913045735,10470031.85837454,8956855.798289265,0.43001356263153356,148180128.06311065,43974.25718347019,1.0000907438415603
26700.0,7.416666666666667,,153815672.83871827,9973038.654538866,0.8822524098407177,10663344.352230214,8958966.425414037,0.43039381231486545,147435843.98699847,48096.21128215054,1.0000674742310385
27000.0,7.5,,153688539.42591378,10072839.665013256,0.8811953323510395,10862745.05162816,8961252.513922296,0.43080580774111177,146706414.33291116,375060.83059970225,1.0002829045510664
27300.0,7.583333333333333,,153559227.01452783,10164815.277621616,0.8802289253710911,11067411.058718132,8963694.676705778,0.431245668050053,145992508.90192002,947163.2544046344,1.0001137200846173
27600.0,7.666666666666667,,153427720.4042815,10249215.643640945,0.8793496997674605,11276579.476438794,8966268.651966183,0.43170979183762925,145294633.5034327,1698118.9662687208,0.9991543567488774
27900.0,7.75,,153294009.69153798,10326344.728524387,0.8785536310114113,11489547.185197653,8968945.61721443,0.43219490716610665,144613148.74499083,2572678.242593911,0.9971737832935469
28200.0,7.833333333333333,,153158089.50661558,10396543.79447273,0.8778363458351254,11705669.401061783,8971692.579285637,0.43269810337255316,143948288.0668007,3525595.3796956027,0.9940744950767763
28500.0,7.916666666666667,,153019958.31355435,10460177.567728436,0.8771932760380166,11924357.352967227,8974472.818061808,0.4332168474741572,143300174.6495808,4520340.130806354,0.9898568272594716
28800.0,8.0,,152879617.7779934,10517622.947209274,0.8766197818673261,12145075.360262664,8977246.363926448,0.43374898796951583,142668836.97467414,5527780.8148948755,0.9845895647475693
29100.0,8.083333333333334,,152737072.20447403,10569260.016617399,0.8761112483173339,12367337.537806414,8979970.491835041,0.4342927486672473,142054222.93084636,6524959.674102059,0.9783866648924916
29400.0,8.166666666666666,,152592328.04143563,10615465.075851627,0.8756631580699056,12590704.30682352,8982600.217909167,0.43484671490699744,141456212.44696525,7494013.114295449,0.9713893717609126
29700.0,8.25,,152445393.4501708,10656605.395297911,0.8752711448069866,12814778.847217623,8985088.787384529,0.4354098142236338,140874628.68898818,8421250.451835504,0.9637528248101203
30000.0,8.333333333333334,,152296277.93280742,10693035.406663505,0.8749310304009554,13039203.591409229,8987388.145415226,0.4359812931808155,140309247.8985578,9296384.330944503,0.9556362775745894
30300.0,8.416666666666666,,152144992.0137886,10725094.06740549,0.8746388491349416,13263656.830749363,8989449.384567404,0.4365606917885431,139759807.97378272,10111896.61260202,0.9471961405153168
30600.0,8.5,,151991546.9691454,10753103.165905217,0.8743908616955144,13487849.482493967,8991223.164799983,0.43714781663519947,139226015.90452424,10862520.410362557,0.9385811895469222
30900.0,8.583333333333334,,151835954.59797332,10777366.366857413,0.8741835612628597,13711522.047414245,8992660.103335414,0.4377427136152019,138707554.17805165,11544819.094496647,0.9299294088948065
31200.0,8.666666666666666,,151678227.0308227,10798168.82798684,0.874013673628436,13934441.77451669,8993711.133094616,0.4383456409204808,138204086.26887482,12156844.78069394,0.9213660507112186
31500.0,8.75,,151518376.57011646,10815777.248488942,0.8738781529132219,14156400.039263904,8994327.829350377,0.4389570427869122,137715261.32090995,12697861.109481566,0.9130025897269981
31800.0,8.833333333333334,,151356415.55817094,10830440.235654777,0.8737741741481356,14377209.93441176,8994462.704984546,0.43957752434260294,137240718.1223507,13168117.508265534,0.9049363288823017
32100.0,8.916666666666666,,151192356.26886448,10842388.898688361,0.873699123713076,14596704.06750079,8994069.475260152,0.44020782778972173,136780088.46475124,13568664.36859071,0.8972504730731589
32400.0,9.0,,151026210.81946272,10851837.597804649,0.8736505884099637,14814732.555653505,8993103.29337953,0.44084881006144105,136332999.96862006,13901200.56675408,0.8900145352957927
32700.0,9.083333333333334,,150857991.09954467,10858984.792556228,0.873626343763852,15031161.20621996,8991520.958328303,0.4415014220263191,135899078.4487509,14167946.478978451,0.8832849750868452
33000.0,9.166666666666666,,150687708.71437615,10864013.94632809,0.8736243419996296,15245869.870656734,8989281.096636795,0.4421666892606061,135477949.88389644,14371537.100305583,0.8771059955769317
33300.0,9.25,,150515374.94043815,10867094.454444135,0.873642700024826,15458750.958551751,8986344.319741843,0.4428456943709828,135069242.04738933,14514931.09084708,0.8715104447341655
33600.0,9.333333333333334,,150341000.69114247,10868382.571726954,0.8736796876567422,15669708.098728633,8982673.35863293,0.44353956082344514,134672585.8480368,14601332.569821471,0.8665207801927525
33900.0,9.416666666666666,,150164596.49105224,10868022.321993206,0.8737337162601233,15878654.934719415,8978233.177426374,0.44424943821597146,134287616.42406878,14634123.282392528,0.8621500668559622
34200.0,9.5,,149986172.45717195,10866146.377165515,0.8738033279060775,16085514.042473838,8972991.067448266,0.44497648892122715,133913974.02710676,14616803.4004539,0.8584029833742561
34500.0,9.583333333333334,,149805738.2860909,10862876.897708014,0.8738871851206281,16290215.958883824,8966916.723322181,0.44572187601928764,133551304.72799824,14552939.708173633,0.8552768185255056
34800.0,9.666666666666666,,149623303.2459459,10858326.329175109,0.8739840612595061,16492698.310490597,8959982.302469628,0.44648675243785835,133199260.97187403,14446120.28699561,0.8527624421483738
35100.0,9.75,,149438876.17233583,10852598.151996655,0.874092831522246,16692905.032558702,8952162.469339384,0.44727225121771363,132857502.00588174,14299915.07270403,0.850845238100465
35400.0,9.833333333333334,,149252465.46745002,10845787.583358867,0.8742124646016046,16890785.669511616,8943434.425585212,0.4480794768232302,132525694.19966242,14117841.828180928,0.849505989071817
35700.0,9.916666666666666,,149064079.10179618,10837982.231314415,0.8743420149522274,17086294.74851669,8933777.92732636,0.44890949742131364,132203511.27571261,13903337.177899487,0.8487217051962519
36000.0,10.0,,148873724.61800852,10829262.702164676,0.8744806156542724,17279391.2187568,8923175.290537624,0.44976333805627305,131890634.464255,13659732.401095696,0.8484663903832046
36300.0,10.083333333333334,,148681409.1363036,10819703.162787749,0.8746274718423562,17470037.94963479,8911611.38554034,0.45064197465281214,131586752.59507512,13390233.695425594,0.8487117421840576
36600.0,10.166666666666666,,148487139.36122167,10809371.860003002,0.8747818546670547,17658201.281810798,8899073.621491028,0.45154632878419493,131291562.13692531,13097906.615165541,0.8494277828055287
36900.0,10.25,,148290921.58935216,10798331.599318398,0.874943095754666,17843850.625579875,8885551.921703156,0.4524772631473423,131004767.1935065,12785664.368698902,0.8505834205579519
37200.0,10.333333333333334,,148092761.7177935,10786640.185540441,0.875110582130601,18026958.101649385,8871038.690577717,0.4534355776912779,130726079.46367767,12456259.637686964,0.8521469425386752
37500.0,10.416666666666666,,147892665.25313976,10774350.827772196,0.8752837515722689,18207498.219879486,8855528.772866132,0.4544220063496887,130455218.1723825,12112279.561017599,0.854086440663293
37800.0,10.5,,147690637.32082295,10761512.511304725,0.8754620883584142,18385447.59200756,8839019.40594503,0.4554372143323575,130191909.97778876,11756143.514184266,0.8563701742431328
38100.0,10.583333333333334,,147486682.67467073,10748170.338842317,0.8756451193833392,18560784.67479017,8821510.165741084,0.4564817959339299,129935888.85929145,11390103.311086861,0.8589668731532144
38400.0,10.666666666666666,,147280805.70656478,10734365.843405444,0.8758324106061589,18733489.540367812,8803002.906909052,0.4575562728217851,129686895.99030921,11016245.460781578,0.8618459862415714
38700.0,10.75,,147073010.45610636,10720137.275139041,0.8760235638070952,18903543.670992408,8783501.697834466,0.45866109276775807,129444679.59918824,10636495.12576999,0.8649778800118094
39000.0,10.833333333333334,,146863300.6202131,10705519.864125112,0.8762182136247166,19070929.77555748,8763012.751004845,0.45979662879109146,129208994.82100587,10252621.449656602,0.8683339927888334
39300.0,10.916666666666666,,146651679.56258747,10690546.061165089,0.8764160248499338,19235631.62564062,8741544.34926926,0.46096317868228626,128979603.54261963,9866243.94870494,0.8718869495819689
39600.0,11.0,,146438150.32300887,10675245.758361429,0.8766166899544126,19397633.909008346,8719106.768483048,0.4621609648795898,128756274.2429291,9478839.692182735,0.8756106427223415
39900.0,11.083333333333334,,146222715.6264115,10659646.491195116,0.8768199268328576,19556922.098748643,8695712.19701418,0.4633901346716084,128538781.82999602,9091751.02869402,0.8794802831048585
40200.0,11.166666666666666,,146005377.89171982,10643773.623666162,0.8770254767403038,19713482.33639047,8671374.652570296,0.46465076070105854,128326907.47639291,8706193.64845366,0.8834724265401144
40500.0,11.25,,145786139.24042022,10627650.517940605,0.877233102407152,19867301.327540662,8646109.896786692,0.46594284174604705,128120438.45391925,8323264.8034445075,0.8875649793455458
40800.0,11.333333333333334,,145565001.50485325,10611298.689830748,0.8774425863161722,20018366.248723,8619935.347998891,0.4672663037564321,127919167.96862581,7943951.537679428,0.8917371869016504
41100.0,11.416666666666666,,145341966.23621592,10594737.951325176,0.8776537291270768,20166664.664242085,8592869.99260819,0.4686210011238318,127722894.99691972,7569138.807721686,0.8959696084872447
41400.0,11.5,,145117034.71226725,10577986.541282754,0.877866348235545,20312184.452016648,8564934.295430217,0.4700067181648275,127531424.12338212,7199617.398799065,0.9002440813025039
41700.0,11.583333333333334,,144890207.94473472,10561061.245309554,0.8780802764547501,20454913.737438206,8536150.109403634,0.4714231707976424,127344565.3808079,6836091.564088209,0.9045436762009306
42000.0,11.666666666666666,,144661486.68642014,10543977.50574945,0.8782953608085231,20594840.834407285,8506540.585016178,0.4728700083934482,127162134.09287712,6479186.33402238,0.9088526472890547
42300.0,11.75,,144430871.43800685,10526749.522638198,0.8785114614262689,20731954.192788303,8476130.079791263,0.47434681578406784,126983950.71978006,6129454.458882311,0.9131563772203274
42600.0,11.833333333333334,,144198362.4545721,10509390.346396055,0.8787284505306521,20866242.351602595,8444944.068160519,0.47585311540855413,126809840.70704603,5787382.961650849,0.9174413197097671
42900.0,11.916666666666666,,143963959.75180858,10491911.96296568,0.8789462115098923,20997693.897348315,8413009.05202985,0.4773883695817706,126639634.33776462,5453399.289379808,0.9216949405291126
43200.0,12.0,,143727663.11196116,10474325.37203971,0.8791646380672491,21126297.426899463,8380352.472329177,0.4789519828687283,126473166.5883367,5127877.060397315,0.9259056580078787
43500.0,12.083333333333334,,143489472.0894856,10456640.658964623,0.879383633440966,21252041.514491934,8347002.621817641,0.48054330454907296,126310276.98784947,4811141.411846166,0.9300627838621954
43800.0,12.166666666666666,,143249386.016436,10438867.060856266,0.8796031096885503,21374914.682355035,8312988.559397647,0.482161631156738,126150809.48113322,4503473.957555907,0.9341564649984901
44100.0,12.25,,143007404.007589,10421013.027413841,0.8798229870298299,21494905.374591347,8278340.026171327,0.4838062090804562,125994612.29552834,4205117.370364785,0.9381776267903793
44400.0,12.333333333333334,,142763524.96531194,10403086.276876556,0.8800431932437377,21612001.933948524,8243087.363454564,0.4854762372114545,125841537.81136566,3916279.605953936,0.9421179182019325
44700.0,12.416666666666666,,142517747.5841839,10385093.847527416,0.8802636631142305,21726192.58116296,8207261.43294467,0.48717086962531336,125691442.43614218,3637137.7872424084,0.9459696590260556
45000.0,12.5,,142270070.35537666,10367042.145112576,0.8804843379211724,21837465.396586698,8170893.539216958,0.48888921828570747,125544186.48235816,3367841.769600553,0.9497257894205162
45300.0,12.583333333333334,,142020491.57080486,10348936.986512437,0.8807051649723854,21945808.303838957,8134015.354707601,0.4906303557583884,125399634.0489676,3108517.407728802,0.9533798218536884
45600.0,12.666666666666666,,141769009.32705212,10330783.639970358,0.8809260971734196,22051209.055248924,8096658.847319842,0.49239331792451746,125257652.90638217,2859269.545154189,0.9569257955151755
45900.0,12.75,,141515621.5290819,10312586.862158457,0.8811470926319038,22153655.218880374,8058856.210772605,0.49417710668314313,125118114.38496125,2620184.7470308174,0.9603582332010586
46200.0,12.833333333333334,,141260325.89374068,10294350.932334999,0.8813681142936169,22253134.166949444,8020639.7977912435,0.49598069263336014,124980893.2669119,2391333.796388073,0.9636721006478253
46500.0,12.916666666666666,,141003119.95306057,10276079.683825506,0.8815891296076833,22349633.06546546,7982042.056222425,0.49780301772741536,124845867.6815191,2172773.9732287084,0.9668627682614687
46800.0,13.0,,140744001.05736896,10257776.53303969,0.8818101102185198,22443138.864941865,7943095.4681373155,0.49964299788674477,124712919.0036209,1964551.1350007178,0.9699259751674277
47100.0,13.083333333333334,,140482966.37821284,10239444.506217474,0.8820310316823803,22533638.29203991,7903832.491971125,0.5014995255736285,124581931.75524099,1766701.6160031103,0.9728577954917853
47400.0,13.166666666666666,,140220012.91110352,10221086.26408059,0.8822518732065289,22621117.842020392,7864285.507729718,0.5033714723119095,124452793.51028927,1579253.9622755705,0.9756546067734333
47700.0,13.25,,139955137.47808948,10202704.124551114,0.8824726174092501,22705563.771891993,7824486.765279684,0.5052576911508737,124325394.80223897,1402230.5174968888,0.9783130603998704
48000.0,13.333333333333334,,139688336.7301629,10184300.083684016,0.882693250099063,22786962.094155245,7784468.335723263,0.507157019067107,124199629.03468929,1235648.8744006876,0.9808300539552178
48300.0,13.416666666666666,,139419607.14950654,10165875.834948128,0.882913760071646,22865298.571051087,7744262.06584564,0.5090682792998114,124075392.39472154,1079523.205227072,0.9832027053672798
48600.0,13.5,,139148945.05158672,10147432.786978545,0.8831341389231134,22940558.709232338,7703899.535610413,0.5109902836156831,123952583.7689575,933865.483778684,0.9854283287405534
48900.0,13.583333333333334,,138876346.58709738,10128972.07991247,0.8833543808784025,23012727.754783697,7663412.018665896,0.5129218345001236,123831104.66222948,798686.6107481677,0.9875044117635613
49200.0,13.666666666666666,,138601807.7437622,10110494.600411175,0.8835744826336374,23081790.68852376,7622830.445815492,0.514861727272109,123710859.11877203,673997.45313766,0.9894285945814227
49500.0,13.75,,138325324.3479977,10092000.995461592,0.8837944432114359,23147732.221528534,7582185.371394572,0.5168087521206486,123591753.64584696,559809.8078033124,0.9911986500278721
49800.0,13.833333333333334,,138046892.06644434,10073491.685043199,0.8840142638282155,23210536.79082207,7541506.942487883,0.5187616960612942,123473697.13971403,456137.29843107704,0.9928124651147942
50100.0,13.916666666666666,,137766506.40736908,10054966.873738252,0.8842339477726346,23270188.555184692,7500824.870913538,0.5207193448116673,123356600.81386179,362996.21458476264,0.9942680236815387
50400.0,14.0,,137484162.7219441,10036426.561356628,0.8844535002943853,23326671.391034387,7460168.407892625,0.5226804845854692,123240378.12941341,280406.30086327845,0.995563390110703
50700.0,14.083333333333334,,137199856.20540637,10017870.552640485,0.8846729285026159,23379968.888341036,7419566.321317543,0.5246439038048729,123124944.72762468,208391.50366013724,0.9966966940215735
51000.0,14.166666666666666,,136913581.8981019,9999298.466107797,0.8848922412733321,23430064.346536487,7379046.875526419,0.526608394731641,123010218.36439289,146980.6825331469,0.9976661158569258
51300.0,14.25,,136625334.68641797,9980709.742089018,0.8851114491651773,23476940.770387486,7338637.8134871265,0.5285727550176881,122896118.84669599,96208.2927640982,0.9984698732833358
51600.0,14.333333333333334,,136335109.30360898,9962103.650005942,0.8853305643430448,23520580.865801375,7298366.341290869,0.5305357891761494,122782567.97088327,56115.04531535808,0.9991062083294661
51900.0,14.416666666666666,,136042900.330517,9943479.294937251,0.8855496005090336,23560967.03553666,7258259.114851444,0.5324963099743997,122669489.46274054,26748.55007073104,0.9995733751909655
52200.0,14.5,,135748702.1961919,9924835.623511415,0.8857685728402906,23598081.3747938,7218342.228705352,0.5344531397507095,122556808.91925286,8163.947980117567,0.9998696286345967
52500.0,14.583333333333334,,135452509.17841497,9906171.429163512,0.8859874979333308,23631905.6666629,7178641.20680531,0.536405111656543,122444453.7519907,424.53750981406677,0.9999932129379896
52800.0,14.666666666666666,,135154315.40412715,9887485.356788773,0.8862063937544689,23662421.377408035,7139180.995199547,0.5383510708267194,122332353.13204433,3602.400631503477,0.9999423513049789
53100.0,14.75,,134854114.84976703,9868775.906822845,0.8864252795960186,23689609.651568163,7099985.956487762,0.5402898754799185,122220437.93643418,17779.033462111176,0.9997152356998465
53400.0,14.833333333333334,,134551901.3415201,9850041.438774996,0.8866441760379661,23713451.306857873,7061079.865945967,0.5422203979521616,122108640.69592391,43045.98659309115,0.9993100170469276
53700.0,14.916666666666666,,134247668.55548263,9831280.174237955,0.8868631049148362,23733926.82885095,7022485.909211319,0.5441415256661376,121996895.54416505,79505.52012111919,0.9987247957449662
54000.0,15.0,,133941410.01774323,9812490.199395254,0.8870820892875133,23751016.365432534,6984226.681420201,0.5460521620393441,121885138.1681006,127271.27841274854,0.9979576124483627
54300.0,15.083333333333334,,133633119.10438414,9793669.467044255,0.8873011534197986,23764699.721005432,6946324.187693212,0.5479512273341803,121773305.75955725,186468.9897039398,0.9970064390699923
54600.0,15.166666666666666,,133322789.04140514,9774815.798150448,0.8875203227595078,23774956.35043806,6908799.844861785,0.5498376594532668,121661336.96795408,257237.19575259453,0.9958691699626768
54900.0,15.25,,133010412.90457268,9755926.88294655,0.8877396239239469,23781765.352742102,6871674.48433387,0.5517104146833265,121549171.85405621,339728.01692992944,0.9945436132386297
55200.0,15.333333333333334,,132695983.619197,9737000.281587407,0.8879590846896133,23785105.46446878,6834968.355996673,0.5535684683910999,121436751.84470141,434107.9583568902,0.9930274821883117
55500.0,15.416666666666666,,132379493.95983894,9718033.424369475,0.8881787339859987,23784955.05281334,6798701.133057045,0.5554108156748239,121324019.68842623,540558.7629676393,0.9913183867621588
55800.0,15.5,,132060936.54995011,9699023.611521857,0.8883986018933908,23781292.108418494,6762891.917722241,0.5572364719748678,121210919.41191812,659278.3177169334,0.9894138250805876
56100.0,15.583333333333334,,131740303.86144772,9679968.012573445,0.8886187196445852,23774094.237867635,6727559.24762523,0.559044473647199,121097396.2772177,790481.6195461156,0.9873111749396096
56400.0,15.666666666666666,,131417588.21422765,9660863.665298792,0.8888391196304374,23763338.65585976,6692721.102901417,0.5608338785033907,120983396.73959418,934401.8081885336,0.9850076852812969
56700.0,15.75,,131092781.7756176,9641707.474243468,0.8890598354092129,23749002.177058596,6658394.913825419,0.5626037663209257,120868868.40601458,1091291.2734353615,0.9825004676003313
57000.0,15.833333333333334,,130765876.5597735,9622496.20882746,0.8892809017196922,23731061.20760902,6624597.568918629,0.564353239327606,120753759.994125,1261422.8451038618,0.9797864872599344
57300.0,15.916666666666666,,130436864.42702141,9603226.50102334,0.889502354498026,23709491.73631437,6591345.423440576,0.5660814226638764,120638021.2916593,1445091.0746601908,0.9768625546927433
57600.0,16.0,,130105737.08314832,9583894.842603723,0.8897242308983315,23684269.32546958,6558654.308178127,0.5677874648269702,120521603.11618696,1642613.6182569556,0.9737253164646925
57900.0,16.083333333333332,,129772486.0786442,9564497.581950601,0.8899465693170578,23655369.101345006,6526539.538449343,0.5694705381007346,120404457.27510789,1854332.7318624558,0.9703712461828085
58200.0,16.166666666666668,,129437102.80789912,9545030.920417195,0.8901694094211445,23622765.744317412,6495015.923239806,0.5711298389750773,120286536.52579775,2080616.8901959276,0.9667966352311216
58500.0,16.25,,129099578.50835812,9525490.908230375,0.8903927921800316,23586433.47864514,6464097.774390401,0.5727645885589975,120167794.53580166,2321862.5423546922,0.9629975833227818
58800.0,16.333333333333332,,128759904.2596379,9505873.439919969,0.8906167599015826,23546346.061885703,6433798.91575746,0.574374032991165,120048185.84296864,2578496.018340361,0.9589699888611024
59100.0,16.416666666666668,,128418070.98260874,9486174.249258716,0.8908413562720056,23502476.77395526,6404132.692266488,0.5759574438520746,119927665.81541182,2850975.602179703,0.9547095391078422
59400.0,16.5,,128074069.43844604,9466388.903694127,0.8910666263998734,23454798.405830868,6375111.97878173,0.5775141185818117,119806190.61117312,3139793.7890107674,0.9502117001638136
59700.0,16.583333333333332,,127727890.22765583,9446512.798251243,0.891292616864357,23403283.24789808,6346749.188714314,0.5790433809075073,119683717.13746059,3445479.7453885493,0.9454717067751846
60000.0,16.666666666666668,,127379523.78907916,9426541.14888245,0.8915193757678087,23347903.077948358,6319056.282291868,0.5805445812845862,119560203.00931862,3768601.9941809615,0.9404845519889791
60300.0,16.75,,127028960.3988803,9406468.985237556,0.8917469527928459,23288629.14883288,6292044.7744121365,0.5820170973559664,119435606.50757955,4109771.3478023433,0.9352449766937405
60600.0,16.833333333333332,,126676190.16952531,9386291.14282476,0.8919753992641045,23225432.17578219,6265725.742003505,0.5834603344333659,119309886.53593293,4469644.116197298,0.9297474590966752
60900.0,16.916666666666668,,126321203.04875664,9366002.254529433,0.8922047682148533,23158282.323403846,6240109.830813334,0.5848737260049715,119183002.57693449,4848925.618974683,0.9239862042075196
61200.0,17.0,,125963988.81857122,9345596.741454601,0.8924351144586736,23087149.19237385,6215207.26154525,0.586256734273695,119054914.64676286,5248374.034433694,0.9179551334227801
61500.0,17.083333333333332,,125604537.09420943,9325068.803043252,0.8926664946664342,23012001.805841755,6191027.835264195,0.5876088507303289,118925583.24851231,5668804.621957067,0.9116478743329484
61800.0,17.166666666666668,,125242837.32316442,9304412.406438686,0.8928989674488056,22932808.5955742,6167580.937986439,0.5889295967659361,118794969.32379183,6111094.358406405,0.905057750911177
62100.0,17.25,,124878878.7842201,9283621.275034916,0.8931325934445863,22849537.387866754,6144875.544369725,0.5902185243278303,118663034.20237832,6576187.033776382,0.8981777742864319
62400.0,17.333333333333332,,124512650.58652993,9262688.876164632,0.893367435415125,22762155.389261097,6122920.220415884,0.5914752166235461,118529739.54964606,7065098.85647873,0.891000634359489
62700.0,17.416666666666668,,124144141.66874704,9241608.407867443,0.8936035583451516,22670629.1721114,6101723.125095236,0.5926992888772145,118395047.31146763,7578924.624256517,0.8835186925890571
63000.0,17.5,,123773340.79822001,9220372.784675756,0.8938410295503498,22574924.660052966,6081292.010798683,0.593890389142766,118258919.65624882,8118844.522883427,0.8757239763612826
63300.0,17.583333333333332,,123400236.57026851,9198974.622350326,0.8940799187920203,22475007.113436416,6061634.22251933,0.5950481991783919,118121318.91372478,8686131.621466981,0.8676081754633296
63600.0,17.666666666666668,,123024817.40755586,9177406.221490921,0.8943202983992121,22370841.114802253,6042756.695661263,0.5961724353866545,117982207.51010488,9282160.140299609,0.8591626413163695
63900.0,17.75,,122647071.55957685,9155659.54994169,0.8945622433987159,22262390.554485045,6024665.952368024,0.5972628498246213,117841547.89910677,9908414.574683383,0.8503783897923375
64200.0,17.833333333333332,,122266987.10228167,9133726.22390326,0.8948058316533324,22149618.616452266,6007368.096258273,0.5983192312882895,117699302.48837014,10566499.765806038,0.8412461086516925
64500.0,17.916666666666668,,121884551.9378601,9111597.487656377,0.8950511440088453,22032487.764501844,5990868.805449717,0.59934140647551,117555433.56068146,11258152.017262602,0.831756170908167
64800.0,18.0,,121499753.79471147,9089264.19179374,0.8952982644501487,21910959.728964746,5975173.323746988,0.6003292412314097,117409903.1893745,11985251.3627134,0.8218986557669229
65100.0,18.083333333333332,,121112580.2276311,9066716.769847956,0.8955472802669788,21784995.494084246,5960286.449861187,0.6012826418801677,117262673.14719719,12749835.095705336,0.8116633792150222
65400.0,18.166666666666668,,120723018.61824624,9043945.213194648,0.895798282229718,21654555.28627426,5946212.524522645,0.602201556646675,117113704.80784859,13554112.675740877,0.8010399368945864
65700.0,18.25,,120331056.17573965,9020939.044099567,0.8960513647757269,21519598.563493747,5932955.415339839,0.6030859771713029,116962959.03929378,14400482.123599919,0.7900177625945566
66000.0,18.333333333333332,,119936679.93790394,8997687.286768572,0.8963066262066572,21380084.00601591,5920518.499249603,0.6039359401205374,116810396.08785221,15291548.011256173,0.7785862066031047
66300.0,18.416666666666668,,119539876.7725752,8974178.436248494,0.8965641688971718,21235969.50891932,5908904.64239509,0.6047515288956915,116655975.45192881,16230141.133900475,0.7667346393309216
66600.0,18.5,,119140633.37950064,8950400.425015554,0.8968240995154607,21087212.176684413,5898116.177258948,0.6055328754412006,116499655.74411203,17219339.918357447,0.7544525871275961
66900.0,18.583333333333332,,118738936.29270357,8926340.587076452,0.8970865292558841,20933768.32034622,5888154.876869652,0.6062801621531821,116341394.54019687,18262493.565954953,0.7417299091780395
67200.0,18.666666666666668,,118334771.88341609,8901985.619396044,0.8973515740839902,20775593.457732238,5879021.925889979,0.6069936238878421,116181148.21349975,19363246.837615985,0.7285570269292059
67500.0,18.75,,117928126.36366071,8877321.540453147,0.8976193549940363,20612642.317406897,5870717.888386113,0.6076735500680943,116018871.75261346,20525566.248548772,0.7149252208544203
67800.0,18.833333333333332,,117518985.79057334,8852333.64571602,0.897889998278983,20444868.847053565,5863242.672067288,0.6083202868851438,115854518.56049679,21753767.22613264,0.7008270137754178
68100.0,18.916666666666668,,117107336.07157259,8827006.459818115,0.8981636358127184,20272226.227153532,5856595.488775434,0.6089342395899691,115688040.23250307,23052541.4637086,0.6862566657816684
68400.0,19.0,,116693162.970496,8801323.685207041,0.8984404053439885,20094666.890974566,5850774.810996011,0.6095158748673337,115519386.31061427,24426983.22617868,0.6712108134816623
68700.0,19.083333333333332,,116276452.11484078,8775268.147033406,0.8987204508011365,19912142.5520622,5845778.3241528375,0.6100657232822552,115348504.01075706,25882612.660159998,0.6556892965138408
69000.0,19.166666666666668,,115857189.0042678,8748821.734044474,0.8990039226062794,19724604.240642298,5841602.874441423,0.6105843817856618,115175337.9196238,27425393.130727008,0.6396962277514835
69300.0,19.25,,115435359.02054955,8721965.33525098,0.8992909779969277,19532002.350599226,5838244.411951545,0.6110725162619535,114999829.65689644,29061738.104211453,0.6232413815026874
69600.0,19.333333333333332,,115010947.43917224,8694678.772146428,0.8995817813522512,19334286.698998995,5835697.928823551,0.6115308640966861,114821917.49815464,30798500.9189241,0.6063419975270816
69900.0,19.416666666666668,,114583939.44283171,8666940.726279875,0.8998765045201754,19131406.600491513,5833957.39218342,0.6119602367369453,114641535.9530348,32642937.65275251,0.5890251293564519
70200.0,19.5,,114154320.13710326,8638728.662018957,0.9001753271401637,18923310.959362485,5833015.671602941,0.6123615222104385,114458615.29236709,34602628.83495751,0.5713307046990401
70500.0,19.583333333333332,,113722074.56860572,8610018.74439515,0.9004784369548666,18709948.3825298,5832864.460838451,0.6127356875614335,114273081.01703265,36685339.49133581,0.5533155145431379
70800.0,19.666666666666668,,113287187.74603532,8580785.752004834,0.9007860301016498,18491267.317409005,5833494.193612927,0.6130837811523899,114084853.26012763,38898788.43922109,0.5350584050260385
71100.0,19.75,,112849644.66450164,8551002.985055683,0.9010983113722534,18267216.219332837,5834893.953226935,0.6134069347689217,113893846.11265725,41250286.45020234,0.5166670067301901
71400.0,19.833333333333332,,112409430.33367202,8520642.168811053,0.9014154944252958,18037743.754127815,5837051.375810518,0.6137063654526071,113699966.86137414,43746188.97559257,0.49828638448909424
71700.0,19.916666666666668,,111966529.8103138,8489673.352910489,0.9017378019318,17802799.04256406,5839952.547068722,0.6139833769703795,113503115.12547079,46391094.106414594,0.48010999212362604
72000.0,20.0,,111520928.23592329,8458064.80735227,0.9020654656281067,17562331.9547462,5843581.892425697,0.6142393608105996,113303181.87657706,49186705.07870449,0.46239320014256996
72300.0,20.083333333333332,,111072610.8802489,8425782.916343085,0.9023987262430666,17316293.46416018,5847922.060543587,0.614475796573653,113100048.32382862,52130280.12158044,0.44546930161200254
72600.0,20.166666666666668,,110621563.19165653,8392792.071785318,0.9027378332567997,17064636.073101923,5852953.800283654,0.614694251598525,112893584.64257185,55212632.87035655,0.42976708673833436
72900.0,20.25,,110167770.85545273,8359054.5689343745,0.903083044435917,16807314.32367661,5858655.831295242,0.6148963796353804,112683648.52145062,58415760.281980954,0.41582755036428126
73200.0,20.333333333333332,,109711219.8614802,8324530.507781252,0.9034346250741176,16544285.411583193,5865004.708570546,0.6150839183367106,112470083.49804893,61710406.17759618,0.40431489718095887
73500.0,20.416666666666668,,109251896.58254036,8289177.705087593,0.9037928468463564,16275509.923623057,5871974.681493782,0.615258685295149,112252717.04778224,65054234.23793918,0.39601409579762714
73800.0,20.5,,108789787.86548242,8252951.62383851,0.9041579861579266,16000952.72447358,5879537.548156183,0.615422572303017,112031358.3841469,68391691.28805089,0.39180539157933447
74100.0,20.583333333333332,,108324881.13714208,8215805.329341624,0.9045303218348478,15720584.023964709,5887662.50601293,0.6155775374455946,111805795.92051889,71656785.63582554,0.3926086250326265
74400.0,20.666666666666668,,107857164.52772422,8177689.484501702,0.9049101319563899,15434380.663172299,5896316.00033932,0.615725594565074,111575794.33415297,74779417.14212087,0.3993001644234709
74700.0,20.75,,107386627.01471807,8138552.401228572,0.9052976895709666,15142327.66645146,5905461.572421442,0.6158687995429523,111341091.16153379,77694371.99982065,0.41262133183714056
75000.0,20.833333333333332,,106913258.59102634,8098340.170881141,0.9056932569585306,14844420.11752777,5915059.710011848,0.6160092327428001,111101392.84036112,80350329.58155786,0.433109375214772
75300.0,20.916666666666668,,106437050.46170197,8056996.904642923,0.9060970779999339,14540665.431518137,5925067.703322518,0.6161489768301159,110856370.09672952,82715676.70515731,0.46107752372583244
75600.0,21.0,,105957995.27453741,8014465.125481928,0.9065093680784855,14231086.111990524,5935439.51075185,0.6162900890382562,110605652.55593115,84779364.02389531,0.4966487356923275
75900.0,21.083333333333332,,105476087.39076813,7970686.367844975,0.9069303007604337,13915723.103806745,5946125.639687155,0.6164345667764409,110348822.4311319,86547438.99774812,0.5398242972634008
76200.0,21.166666666666668,,104991323.20335755,7925602.060792278,0.9073599902650807,13594639.879673356,5957073.049147552,0.6165843052746697,110085407.11526515,88037437.08398654,0.5905597910129378
76500.0,21.25,,104503701.51174915,7879154.796674467,0.9077984684228858,13267927.432471009,5968225.082788875,0.6167410457296634,109814870.4671642,89272790.9252417,0.648828124816595
76800.0,21.333333333333332,,104013223.96361852,7831290.123083337,0.9082456544064944,12935710.388283065,5979521.442957365,0.6169063121562955,109536602.5426326,90278477.24281342,0.7146619153694003
77100.0,21.416666666666668,,103519895.57603246,7781959.043854027,0.9087013149730911,12598154.508673871,5990898.219135838,0.6170813348651557,109249907.47454585,91078179.14693075,0.7881766855626421
77400.0,21.5,,103023725.35049152,7731121.479537549,0.9091650122361267,12255475.917551707,6002287.987352448,0.6172669581918612,108953989.15355171,91692713.01736224,0.8695798891423909
77700.0,21.583333333333332,,102524726.99849941,7678751.02435684,0.909636035040357,11907952.470443767,6013620.001010162,0.6174635298229573,108647934.30411586,92139315.96501464,0.9591705439859705
78000.0,21.666666666666668,,102022919.79636393,7624841.451825069,0.9101133087884674,11555937.784575926,6024820.498191241,0.6176707688451026,108330692.49346627,92431433.40094478,1.0573324917150386
78300.0,21.75,,101518329.58949722,7569415.572602989,0.9105952770007281,11199878.568241833,6035813.155796425,0.6178876095731096,108001052.5613793,92578748.22419181,1.1645222979293106
78600.0,21.833333333333332,,101010989.96684714,7512537.243578411,0.911079745935497,10840336.026640888,6046519.726756429,0.6181120184319565,107657614.93154441,92587287.60640188,1.2812509757920414
78900.0,21.916666666666668,,100500943.62403844,7454327.5720500965,0.9115636812615648,10478012.272661395,6056860.902633126,0.6183407819144608,107298759.28667666,92459511.4333499,1.4080570125553205
79200.0,22.0,,99988243.92730609,7394986.651115433,0.9120429431781047,10113782.819053845,6066757.449405859,0.6185692652903518,106922607.20435697,92194329.93759726,1.545466408416443
79500.0,22.083333333333332,,99472956.67606564,7334822.481153459,0.9125119439093111,9748736.338875372,6076131.667601807,0.6187911448980253,106526979.63267599,91787024.65302818,1.693933405418406
79800.0,22.166666666666668,,98955162.03480436,7274289.017550366,0.9129632100580429,9384222.887683598,6084909.226507334,0.6189981224062943,106109349.65227509,91229064.57278115,1.8537531897269621
80100.0,22.25,,98434956.55705951,7214035.399847758,0.913386833738971,9021911.56367131,6093021.411591981,0.619179638686626,105666792.00587092,90507825.49302326,2.0249352068460946
80400.0,22.333333333333332,,97912455.14440778,7154968.087464731,0.9137698042343237,8663857.935780061,6100407.797709086,0.6193226196249957,105195932.64198737,89606241.91920634,2.207023396405353
80700.0,22.416666666666668,,97387792.65711288,7098326.348522422,0.9140952322652592,8312580.166377819,6107019.308555647,0.6194113083641919,104692904.36906832,88502455.21043484,2.398849063406514
81000.0,22.5,,96861124.70470904,7045768.483704273,0.9143415216371271,7971140.1107696155,6112821.533692004,0.6194272698157962,104153319.04995611,87169577.45561075,2.598206228328198
81300.0,22.583333333333332,,96332626.8848616,6999460.097003006,0.9144816215046935,7643221.169646708,6117798.0381575255,0.6193496935636776,103572272.87766498,85575775.94194992,2.8014534355684653
81600.0,22.666666666666668,,95802491.42138918,6962145.2580198785,0.9144826205950326,7333187.70804604,6121953.217647338,0.6191561648387454,102944408.95944299,83684999.49125624,3.003078005232998
81900.0,22.75,,95270919.8475794,6937165.8601232525,0.9143061243889172,7046101.349597898,6125314.055831866,0.6188241032004617,102264069.24448508,81458796.56365518,3.1953168533181895
82200.0,22.833333333333332,,94738110.26202269,6928376.063523088,0.9139100501710621,6787658.833707338,6127930.0187672945,0.618333049877524,101525571.92585506,78859753.25752458,3.3680129726256545
82500.0,22.916666666666668,,94204238.06278124,6939886.093392589,0.9132525633904007,6564008.826018754,6129870.439664,0.6176678626005859,100723643.63270289,75856977.00437082,3.5089745415638816
82800.0,23.0,,93669430.3423986,6975581.0105657205,0.912298630684034,6381409.684145107,6131219.309016379,0.6168225955713171,99854008.30191885,72433583.64576896,3.605124895808397
83100.0,23.083333333333332,,93133736.53857657,7038418.962765767,0.9110288082212022,6245717.745221262,6132068.470952654,0.615804402912087,98914079.89015414,68595188.11536607,3.6445743692660586
83400.0,23.166666666666668,,92597101.06564821,7129628.48986067,0.9094483868026544,6161751.965712264,6132511.5211989,0.6146363494773632,97903631.87444915,64377144.451057896,3.6193328625524397
83700.0,23.25,,92059346.00803342,7248055.889808868,0.9075935037230906,6132653.063115123,6132641.359249264,0.6133578555753993,96825255.94314903,59847458.99864258,3.527832294689643
84000.0,23.333333333333332,,91520171.1698256,7389978.963996343,0.9055304956637512,6159404.577122206,6132553.423738366,0.6119897326050469,95684431.63948578,55102731.95265323,3.376083835536024
84300.0,23.416666666666668,,90979175.38014309,7549469.256921965,0.9033478124230914,6240671.823295324,6132354.112301147,0.6106574309535356,94489097.56365909,50258210.56881464,3.177016587439669
84600.0,23.5,,90435892.77969764,7719444.976209535,0.9011408119434348,6373014.516618673,6132171.067341277,0.6093904183940346,93248854.72248812,45432246.26633984,2.9474644564023023
84900.0,23.583333333333332,,89889836.28538054,7892763.741689641,0.8989971242303725,6551397.501360342,6132160.962275721,0.6082443094399156,91973968.89101674,40733215.716409996,2.704935948817624
85200.0,23.666666666666668,,89340536.6657965,8063207.404219873,0.8969855465344861,6769845.851689783,6132511.584352721,0.6072637871313659,90674443.43532538,36250028.31603167,2.4646845794478276
85500.0,23.75,,88787570.28743157,8226036.106788797,0.89515147976856,7022076.098261703,6133437.623326473,0.6064804082059484,89359334.04803213,32048345.271614246,2.238114290663058
85800.0,23.833333333333332,,88230573.63466266,8378113.767773818,0.893518020325853,7301992.613189784,6135171.812605995,0.6059127926989061,88036362.89713386,28171255.077390704,2.032464202072129
86100.0,23.916666666666668,,87669246.63123053,8517732.681319831,0.8920903846597806,7604010.823711901,6137954.036279672,0.6055684240950433,86711795.88379751,24642376.627467092,1.8513376794360838
86400.0,24.0,,87103348.46441641,8644296.680837456,0.8908613520429892,7923222.741989553,6142020.758781071,0.6054462118907723,85390502.93248442,21469627.38037544,1.6955859989940578
86700.0,24.083333333333332,,86532689.5004329,8757984.692686077,0.8898162187086188,8255445.066996612,6147596.2669878295,0.6055391613207817,84076119.54015566,18648672.6742133,1.5642066630454672
87000.0,24.166666666666668,,85957121.93607406,8859461.138450403,0.8889366168081818,8597192.800920038,6154886.314196296,0.6058367611613473,82771247.10030478,16165784.103605721,1.455093379090437
87300.0,24.25,,85376530.78242649,8949655.919017095,0.8882031272703225,8945613.099969102,6164074.114209794,0.6063269239750065,81477652.81879018,14000228.555757452,1.3655960570746488
87600.0,24.333333333333332,,84790825.9568772,9029611.646314003,0.8875968879447659,9298403.20604438,6175318.2964453185,0.6069974577991722,80196448.98300292,12126392.336832125,1.2929077313094206
87900.0,24.416666666666668,,84199935.73417696,9100385.403423814,0.8871004698325828,9653726.875074256,6188752.324631634,0.6078371229139806,78928243.90866685,10515748.154013468,1.234313254605546
88200.0,24.5,,83603801.52048235,9162990.43572984,0.8866982677283977,10010136.934064645,6204484.9058407275,0.6088363547871418,77673264.02487597,9138642.664476972,1.1873343023700467
88500.0,24.583333333333332,,83002373.78522117,9218365.090214005,0.8863765932445509,10366507.270372573,6222600.998663494,0.6099877355565069,76431449.987348,7965811.3904883005,1.1497997963229643
88800.0,24.666666666666668,,82395608.94714415,9267359.319465432,0.8861236001698752,10721975.05291735,6243163.124359985,0.6112862858547715,75202530.93936391,6969535.234864987,1.1198653033440495
89100.0,24.75,,81783467.01797098,9310731.90635697,0.8859291259239651,11075892.681393577,6266212.770856875,0.6127296346760971,73986081.11505227,6124407.841879228,1.0960001123881582
89400.0,24.833333333333332,,81165909.83306383,9349153.823953453,0.885784499984949,11427788.380115848,6291771.748693409,0.6143181113975721,72781562.53512461,5407743.923858784,1.0769562736247107
89700.0,24.916666666666668,,80542899.72949994,9383214.785785392,0.8856823483506145,11777334.178866776,6319843.409838814,0.6160547926112651,71588356.92846826,4799699.057182208,1.061729811786775
90000.0,25.0,,79914398.56116807,9413431.167730499,0.8856164093456779,12124320.056905936,6350413.677160867,0.6179455274475618,70405789.39561398,4283185.320736588,1.0495207859708398
90300.0,25.083333333333332,,79280366.96553303,9440254.22559671,0.8855813678042372,12468633.153760722,6383451.85747915,0.6199989583728455,69233145.7846938,3843661.0671367547,1.0396960643498698
90600.0,25.166666666666668,,78640763.81698333,9464078.007354507,0.8855727098905829,12810241.109079013,6418911.227666406,0.6222265496319187,68069685.29868063,3468856.973882522,1.0317566753896306
90900.0,25.25,,77995545.81757367,9485246.653951932,0.8855865982360647,13149178.751940463,6456729.393708153,0.6246426321706682,66914649.492083274,3148482.1821439047,1.0253103022483625
91200.0,25.333333333333332,,77344667.18818979,9504060.960399605,0.8856197657907403,13485537.503227204,6496828.428947646,0.6272644716655974,65767268.533925146,2873938.2135983333,1.0200487424175855
91500.0,25.416666666666668,,76688079.43242794,9520784.17192928,0.8856694262650242,13819456.977918454,6539114.80137367,0.6301123649266908,64626765.39739909,2638056.0854411866,1.0157297889610213
91800.0,25.5,,76025731.1524484,9535647.046619523,0.8857331989309318,14151118.37718236,6583479.1017856905,0.6332097692231694,63492358.47147898,2434863.609903753,1.0121628596609344
92100.0,25.583333333333332,,75357567.90127373,9548852.244105501,0.8858090456631423,14480739.344733605,6629795.585734836,0.6365834688646395,62363262.96435376,2259384.5559688243,1.0091977022481666
92400.0,25.666666666666668,,74683532.05988634,9560578.11137254,0.8858952183099184,14808570.030729318,6677921.542805295,0.6402637835604584,61238691.37340151,2107468.308324958,1.0067155700415371
92700.0,25.75,,74003562.73036724,9570981.938378582,0.8859902147272811,15134890.162219092,6727696.50744467,0.6442848236270958,60117853.22411842,1975647.1283313816,1.0046223524500002
93000.0,25.833333333333332,,73317595.63846043,9580202.752785118,0.8860927420517276,15460006.964367688,6778941.326443835,0.6486847980019915,58999954.22522544,1861017.5323072204,1.0028432370174474
93300.0,25.916666666666668,,72625563.04053335,9588363.717069307,0.8862016860100737,15784253.81352765,6831457.099513344,0.6535063822700267,57884194.944706365,1761142.2572851218,1.001318563532826
93600.0,26.0,,71927393.63107581,9595574.184309354,0.8863160852627173,16107989.533621391,6885024.011378895,0.6587971555643434,56769769.07844014,1673969.5257655375,1.0000006022379426
93900.0,26.083333333333332,,71223012.44773912,9601931.461868748,0.886435109947323,16431598.27275472,6939400.076569965,0.6646101173509134,55655861.35681967,1597766.6906062702,0.9988510468401103
94200.0,26.166666666666668,,70512340.77154617,9607522.325524546,0.8865580437349719,16755489.918839399,6994319.821755731,0.6710042978710578,54541645.113331266,1531065.7471028063,0.9978390599949734
94500.0,26.25,,69795296.02035387,9612424.320512982,0.8866842688329948,17080101.03236473,7049492.935247735,0.678045479575285,53426279.520955615,1472618.591968726,0.9969397458908137
94800.0,26.333333333333332,,69071791.63396882,9616706.88058144,0.8868132534710632,17405896.292306077,7104602.919324825,0.6858070514811773,52308906.48619845,1421360.2644407304,0.9961329533473324
95100.0,26.416666666666668,,68341736.94953156,9620432.291435165,0.886944541492926,17733370.468388192,7159305.788570834,0.694371024366442,51188647.1755144,1376378.7141709025,0.9954023350902791
95400.0,26.5,,67605037.06592132,9623656.520902056,0.8870777437483506,18063050.950401478,7213228.866743266,0.7038292425338533,50064598.133914664,1336889.9031792798,0.9947346059835559
95700.0,26.583333333333332,,66861592.69600333,9626429.934643606,0.8872125310411242,18395500.88390095,7265969.746211519,0.7142848382078929,48935826.93974106,1302217.2682871823,0.9941189561406162
96000.0,26.666666666666668,,66111300.00555842,9628797.913238058,0.8873486284418428,18731322.982397612,7317095.488271405,0.7258539883544937,47801367.32200707,1271774.751254677,0.9935465849108263
96300.0,26.75,,65354050.43770565,9630801.383876055,0.8874858108209313,19071164.11025156,7366142.160441812,0.7386680521450525,46660213.64628713,1245052.7518631134,0.9930103294590621
96600.0,26.833333333333332,,64589730.52155497,9632477.27766691,0.887623899500081,19415720.75934391,7412614.829314477,0.7528761922597474,45511314.65061042,1221606.479739934,0.992504367581461
96900.0,26.916666666666668,,63818221.663711175,9633858.921579551,0.8877627599612682,19765745.578100044,7455988.156304643,0.7686486174198349,44353566.28258094,1201046.2785930564,0.9920239789518679
97200.0,27.0,,63039399.92108582,9634976.372266462,0.8879023005941034,20122055.156020656,7495707.781150043,0.7861806308869141,43185803.45090781,1183029.5758285024,0.991565352496993
97500.0,27.083333333333332,,62253135.75325543,9635856.697362114,0.8880424725072762,20485539.323881503,7531192.72778302,0.8056977360324898,42006790.45587576,1167254.174740566,0.9911254303012256
97800.0,27.166666666666668,,61459293.75231822,9636524.208226383,0.8881832704818935,20857172.303791925,7561839.134532565,0.8274621443397613,40815209.80015313,1153452.6584650823,0.9907017805330385
98100.0,27.25,,60657732.34782891,9637000.646410111,0.8883247352083166,21238026.14082054,7587025.703379925,0.8517811670101212,39609648.99832556,1141387.7170334517,0.9902924935075605
98400.0,27.333333333333332,,59848303.483901806,9637305.324216053,0.8884669570305355,21629286.978137113,7606121.393104945,0.879018170097426,38388584.89298871,1130848.2430768888,0.9898960962637006
98700.0,27.416666666666668,,59030852.2649242,9637455.217414066,0.8886100815331656,22032274.913981147,7618496.066822282,0.9096070689086955,37150364.8360539,1121646.0695644869,0.9895114820229016
99000.0,27.5,,58205216.56544748,9637465.00514431,0.8887543174609815,22448468.421020098,7623535.073889226,0.9440717858485025,35893183.88985156,1113613.2456737622,0.9891378516746059
99300.0,27.583333333333332,,57371226.59862325,9637347.047837669,0.8888999476832299,22879534.64649955,7620659.14417885,0.9830527894028926,34615056.9193576,1106599.76550906,0.9887746650506752
99600.0,27.666666666666668,,56528704.43587039,9637111.287828363,0.8890473442425798,23327367.390483167,7609351.571480441,1.0273439281433345,33313784.047415625,1100471.6797307334,0.9884216002467959
99900.0,27.75,,55677463.46805178,9636765.047942927,0.8891969890235825,23794135.250511914,7589195.581826229,1.077944548214391,31986907.3716992,1095109.5329166658,0.9880785196553376
100200.0,27.833333333333332,,54817307.79491201,9636312.688478973,0.8893495023423971,24282343.437882815,7559926.224971635,1.1361348323764908,30631656.00400402,1090407.0802142639,0.9877454417190517
100500.0,27.916666666666668,,53948031.52422561,9635755.058617752,0.8895056829795381,24794914.30001589,7521503.448732166,1.2035873470021157,29244875.240496624,1086270.2460395992,0.9874225177251251
100800.0,28.0,,53069417.953924686,9635088.636983277,0.8896665651748199,25335293.939948156,7474216.860105296,1.282536711318825,27822933.756647497,1082616.2956745815,0.9871100132647034
101100.0,28.083333333333332,,52181238.597467475,9634304.18336034,0.8898335014801676,25907596.056618262,7418839.25315742,1.376045685804568,26361599.712493606,1079373.19801569,0.9868082943254433
101400.0,28.166666666666668,,51283251.99135484,9633384.590467948,0.890008286283546,26516800.229723975,7356857.660031416,1.4884373287924957,24855871.78307232,1076479.1648717734,0.9865178184316012
101700.0,28.25,,50375202.18732355,9632301.36961802,0.890193345626569,27169032.20733421,7290832.326696905,1.626025843296411,23299742.962870315,1073882.3595945202,0.9862391319252196
102000.0,28.333333333333332,,49456816.767124295,9631008.688949222,0.8903920396557223,27871972.010112572,7224976.211928951,1.7984125562085123,21685860.739778914,1071540.776094094,0.9859728756633875
102300.0,28.416666666666668,,48527804.09721258,9629432.775962569,0.8906091660713131,28635469.543921817,7166134.923737459,2.0209174642057857,20005021.150637716,1069422.299308711,0.9857198037275818
102600.0,28.5,,47587849.30209486,9627451.933082638,0.8908518441837249,29472514.104251526,7125541.140401723,2.3194651896708107,18245383.731030397,1067504.9710869545,0.9854808248899877
102900.0,28.583333333333332,,46636607.92792734,9624855.909614177,0.8911311745290276,30400845.263653032,7122189.053578884,2.7412790602342976,16391189.680215208,1065777.5021387292,0.9852570896904537
103200.0,28.666666666666668,,45673695.08848462,9621254.820589555,0.891465633447034,31445819.446696024,7189954.636467126,3.381014785748478,14420529.284325654,1064240.0884259401,0.9850501855623718
103500.0,28.75,,44698664.80201886,9615846.086312028,0.8918888587536984,32645997.623811003,7394610.907991698,4.45486726333848,12301110.238928413,1062905.5789240997,0.9848626519415049
103800.0,28.833333333333332,,43710964.76985744,9606693.117291912,0.8924706394573504,34065520.06183663,7882366.927850803,6.561046490969214,9981251.566472843,1061800.7570799454,0.9846997973072419
104043.91627842082,28.901087855116895,,42898040.013275474,9592643.7646388,0.8931756381282158,35462672.445014514,8749063.281699589,10.436135018400634,7884950.763961902,1060977.802313064,0.9846126508325982
